{
    "cash": 6554.8550000000005,
    "holdings": {
        "HDFCBANK.NS": {
            "qty": 0.5,
            "avg_price": 2000.5
        },
        "HINDUNILVR.NS": {
            "qty": 1,
            "avg_price": 2464.9
        }
    },
    "starting_balance": 10000,
    "realized_pnl": 20.004999999999995,
    "unrealized_pnl": -30.30002441406259
}