{
    "cash": 16059.560000000001,
    "holdings": {
        "UBER": {
            "qty": 6,
            "avg_price": 97.09
        },
        "FUBO": {
            "qty": 329,
            "avg_price": 3.6717021276595747
        },
        "META": {
            "qty": 1,
            "avg_price": 717.64
        },
        "PLTR": {
            "qty": 6,
            "avg_price": 138.09
        }
    }
}